{"cameraMode":{"drawMode":0,"name":"Shaded","section":"Shading Mode"},"sceneLighting":true,"audioPlay":false,"sceneViewState":{"showFog":true,"showMaterialUpdate":false,"showSkybox":false,"showFlares":true,"showImageEffects":true,"showParticleSystems":true},"in2DMode":false,"pivot":{"x":24.774389266967775,"y":16.507675170898439,"z":13.140119552612305},"rotation":{"x":-0.18053224682807923,"y":0.7259590029716492,"z":-0.20796702802181245,"w":-0.6301916241645813},"size":3.7080495357513429,"orthographic":true}