{"cameraMode":{"drawMode":0,"name":"Shaded","section":"Shading Mode"},"sceneLighting":false,"audioPlay":false,"sceneViewState":{"showFog":true,"showMaterialUpdate":false,"showSkybox":false,"showFlares":true,"showImageEffects":true,"showParticleSystems":true},"in2DMode":false,"pivot":{"x":5.324371814727783,"y":10.961776733398438,"z":10.748796463012696},"rotation":{"x":-0.024327950552105905,"y":0.8143198490142822,"z":0.03422154113650322,"w":0.5788958072662354},"size":22.74049186706543,"orthographic":false}