{"cameraMode":{"drawMode":0,"name":"Shaded","section":"Shading Mode"},"sceneLighting":true,"audioPlay":false,"sceneViewState":{"showFog":true,"showMaterialUpdate":false,"showSkybox":false,"showFlares":true,"showImageEffects":true,"showParticleSystems":true},"in2DMode":false,"pivot":{"x":24.774389266967775,"y":15.899999618530274,"z":14.399999618530274},"rotation":{"x":-0.19405308365821839,"y":0.6574245095252991,"z":-0.18088623881340028,"w":-0.7052776217460632},"size":4.357883930206299,"orthographic":false}