{"cameraMode":{"drawMode":0,"name":"Shaded","section":"Shading Mode"},"sceneLighting":false,"audioPlay":false,"sceneViewState":{"showFog":true,"showMaterialUpdate":false,"showSkybox":false,"showFlares":true,"showImageEffects":true,"showParticleSystems":true},"in2DMode":false,"pivot":{"x":37.74311065673828,"y":23.579299926757814,"z":14.805427551269532},"rotation":{"x":-0.3877560794353485,"y":-0.056906674057245257,"z":0.023993054404854776,"w":-0.9196908473968506},"size":8.196104049682618,"orthographic":false}